{"roberta-base-SST-2": {"EN-MEN-TR-3k.txt": {"Total Size": 3000, "Not Found": 372, "Score": 0.5900792012014783}, "EN-SIMLEX-999.txt": {"Total Size": 999, "Not Found": 24, "Score": 0.379228001248148}, "EN-WS-353-REL.txt": {"Total Size": 252, "Not Found": 12, "Score": 0.4895482276394189}, "EN-MC-30.txt": {"Total Size": 30, "Not Found": 3, "Score": 0.6280916323333907}, "EN-VERB-143.txt": {"Total Size": 144, "Not Found": 0, "Score": 0.3330991476465295}, "EN-RG-65.txt": {"Total Size": 65, "Not Found": 11, "Score": 0.663960204641902}, "EN-MTurk-287.txt": {"Total Size": 287, "Not Found": 19, "Score": 0.5382894400603987}, "EN-MTurk-771.txt": {"Total Size": 771, "Not Found": 22, "Score": 0.5309027876302101}, "EN-WS-353-SIM.txt": {"Total Size": 203, "Not Found": 14, "Score": 0.6618159814436866}, "EN-SimVerb-3500.txt": {"Total Size": 3500, "Not Found": 519, "Score": 0.31524646416253743}, "EN-YP-130.txt": {"Total Size": 130, "Not Found": 20, "Score": 0.47033784075217544}, "EN-RW-STANFORD.txt": {"Total Size": 2034, "Not Found": 1666, "Score": 0.6925539514341713}, "EN-WS-353-ALL.txt": {"Total Size": 353, "Not Found": 24, "Score": 0.5771549575095477}}, "distilbert-base-uncased-rotten-tomatoes": {"EN-MEN-TR-3k.txt": {"Total Size": 3000, "Not Found": 371, "Score": 0.4232135374419236}, "EN-SIMLEX-999.txt": {"Total Size": 999, "Not Found": 36, "Score": 0.434616366213179}, "EN-WS-353-REL.txt": {"Total Size": 252, "Not Found": 14, "Score": 0.34094055037286136}, "EN-MC-30.txt": {"Total Size": 30, "Not Found": 1, "Score": 0.57016142861808}, "EN-VERB-143.txt": {"Total Size": 144, "Not Found": 0, "Score": 0.2352635532547286}, "EN-RG-65.txt": {"Total Size": 65, "Not Found": 6, "Score": 0.46815226251933056}, "EN-MTurk-287.txt": {"Total Size": 287, "Not Found": 16, "Score": 0.20452226408894697}, "EN-MTurk-771.txt": {"Total Size": 771, "Not Found": 25, "Score": 0.43455245266067877}, "EN-WS-353-SIM.txt": {"Total Size": 203, "Not Found": 13, "Score": 0.5779906127415216}, "EN-SimVerb-3500.txt": {"Total Size": 3500, "Not Found": 818, "Score": 0.2337196876474958}, "EN-YP-130.txt": {"Total Size": 130, "Not Found": 46, "Score": 0.24134301383118556}, "EN-RW-STANFORD.txt": {"Total Size": 2034, "Not Found": 1664, "Score": 0.4920043120278458}, "EN-WS-353-ALL.txt": {"Total Size": 353, "Not Found": 24, "Score": 0.5007036530015763}}, "distilbert-base-uncased-finetuned-sst-2-english": {"EN-MEN-TR-3k.txt": {"Total Size": 3000, "Not Found": 371, "Score": 0.42236071214680015}, "EN-SIMLEX-999.txt": {"Total Size": 999, "Not Found": 36, "Score": 0.43712671491008437}, "EN-WS-353-REL.txt": {"Total Size": 252, "Not Found": 14, "Score": 0.3407571760175894}, "EN-MC-30.txt": {"Total Size": 30, "Not Found": 1, "Score": 0.5716398074304}, "EN-VERB-143.txt": {"Total Size": 144, "Not Found": 0, "Score": 0.2374636876952941}, "EN-RG-65.txt": {"Total Size": 65, "Not Found": 6, "Score": 0.46160590464403684}, "EN-MTurk-287.txt": {"Total Size": 287, "Not Found": 16, "Score": 0.2028731122464205}, "EN-MTurk-771.txt": {"Total Size": 771, "Not Found": 25, "Score": 0.4342875108750495}, "EN-WS-353-SIM.txt": {"Total Size": 203, "Not Found": 13, "Score": 0.5765786498101163}, "EN-SimVerb-3500.txt": {"Total Size": 3500, "Not Found": 818, "Score": 0.23414008381523896}, "EN-YP-130.txt": {"Total Size": 130, "Not Found": 46, "Score": 0.24167759287069274}, "EN-RW-STANFORD.txt": {"Total Size": 2034, "Not Found": 1664, "Score": 0.49147881409329275}, "EN-WS-353-ALL.txt": {"Total Size": 353, "Not Found": 24, "Score": 0.49941613777566496}}, "bert-base-uncased-rotten-tomatoes": {"EN-MEN-TR-3k.txt": {"Total Size": 3000, "Not Found": 371, "Score": 0.5186537634191629}, "EN-SIMLEX-999.txt": {"Total Size": 999, "Not Found": 36, "Score": 0.49440390414691393}, "EN-WS-353-REL.txt": {"Total Size": 252, "Not Found": 14, "Score": 0.40382638206307836}, "EN-MC-30.txt": {"Total Size": 30, "Not Found": 1, "Score": 0.67438713488664}, "EN-VERB-143.txt": {"Total Size": 144, "Not Found": 0, "Score": 0.2752943357405203}, "EN-RG-65.txt": {"Total Size": 65, "Not Found": 6, "Score": 0.5690363133475176}, "EN-MTurk-287.txt": {"Total Size": 287, "Not Found": 16, "Score": 0.2750797332945471}, "EN-MTurk-771.txt": {"Total Size": 771, "Not Found": 25, "Score": 0.5353188378272805}, "EN-WS-353-SIM.txt": {"Total Size": 203, "Not Found": 13, "Score": 0.6491783894330792}, "EN-SimVerb-3500.txt": {"Total Size": 3500, "Not Found": 818, "Score": 0.29610966090110646}, "EN-YP-130.txt": {"Total Size": 130, "Not Found": 46, "Score": 0.34399794640725484}, "EN-RW-STANFORD.txt": {"Total Size": 2034, "Not Found": 1664, "Score": 0.5349374695884057}, "EN-WS-353-ALL.txt": {"Total Size": 353, "Not Found": 24, "Score": 0.5577379249424218}}, "roberta-base-rotten-tomatoes": {"EN-MEN-TR-3k.txt": {"Total Size": 3000, "Not Found": 372, "Score": 0.5900442865648161}, "EN-SIMLEX-999.txt": {"Total Size": 999, "Not Found": 24, "Score": 0.37926857124475954}, "EN-WS-353-REL.txt": {"Total Size": 252, "Not Found": 12, "Score": 0.4897869541594148}, "EN-MC-30.txt": {"Total Size": 30, "Not Found": 3, "Score": 0.6280916323333907}, "EN-VERB-143.txt": {"Total Size": 144, "Not Found": 0, "Score": 0.3336582311698176}, "EN-RG-65.txt": {"Total Size": 65, "Not Found": 11, "Score": 0.6602245231598198}, "EN-MTurk-287.txt": {"Total Size": 287, "Not Found": 19, "Score": 0.538237692730664}, "EN-MTurk-771.txt": {"Total Size": 771, "Not Found": 22, "Score": 0.530886580444284}, "EN-WS-353-SIM.txt": {"Total Size": 203, "Not Found": 14, "Score": 0.662191048213898}, "EN-SimVerb-3500.txt": {"Total Size": 3500, "Not Found": 519, "Score": 0.31526083686542095}, "EN-YP-130.txt": {"Total Size": 130, "Not Found": 20, "Score": 0.4699043454928872}, "EN-RW-STANFORD.txt": {"Total Size": 2034, "Not Found": 1666, "Score": 0.6922980939066593}, "EN-WS-353-ALL.txt": {"Total Size": 353, "Not Found": 24, "Score": 0.5772784038770952}}, "bert-base-uncased-SST-2": {"EN-MEN-TR-3k.txt": {"Total Size": 3000, "Not Found": 371, "Score": 0.518994995534201}, "EN-SIMLEX-999.txt": {"Total Size": 999, "Not Found": 36, "Score": 0.4952199959068085}, "EN-WS-353-REL.txt": {"Total Size": 252, "Not Found": 14, "Score": 0.40356467303176796}, "EN-MC-30.txt": {"Total Size": 30, "Not Found": 1, "Score": 0.68448939010416}, "EN-VERB-143.txt": {"Total Size": 144, "Not Found": 0, "Score": 0.2743973887930869}, "EN-RG-65.txt": {"Total Size": 65, "Not Found": 6, "Score": 0.5721049186015615}, "EN-MTurk-287.txt": {"Total Size": 287, "Not Found": 16, "Score": 0.27456026553866536}, "EN-MTurk-771.txt": {"Total Size": 771, "Not Found": 25, "Score": 0.5350038473069997}, "EN-WS-353-SIM.txt": {"Total Size": 203, "Not Found": 13, "Score": 0.650014719397406}, "EN-SimVerb-3500.txt": {"Total Size": 3500, "Not Found": 818, "Score": 0.2958557292903351}, "EN-YP-130.txt": {"Total Size": 130, "Not Found": 46, "Score": 0.3462791671311675}, "EN-RW-STANFORD.txt": {"Total Size": 2034, "Not Found": 1664, "Score": 0.5347648702893426}, "EN-WS-353-ALL.txt": {"Total Size": 353, "Not Found": 24, "Score": 0.5578678327121783}}}